{
  "timestamp":1592843826,
  "usdcad":1.35414,
  "usdmxn":22.45756,
  "usdaud":1.445985,
  "usdpln":3.94285,
  "usdusd":1
}
