{
  "timestamp":1592843826,
  "usdcad":1.35414,
  "usdmxn":22.45756,
  "usdusd":1
}
